id,nom,prenom,vehicule_id
1,Voussure,Yonis,92
2,Leroy,Eléonore,81
3,Blanchard,Lucie,27
4,Dupont,Jules,97
5,Lefebvre,Emma,29
6,Morel,Louis,57
7,Roux,Anna,36
8,Lucas,Hugo,67
9,Fontaine,Léa,44
10,Brun,Arthur,73
11,Masson,Inès,62
12,Girard,Gabriel,41
13,Garnier,Chloé,42
14,Clement,Noah,75
15,Gonzalez,Alice,5
16,Fournier,Ethan,7
17,Andre,Charlotte,17
18,Leclerc,Adam,54
19,Lefevre,Louise,6
20,Mercier,Maxime,30
21,Leger,Alice,45
22,Roussel,Léo,2
23,Rousseau,Margaux,63
24,Perez,Gaspard,65
25,Colin,Clara,34
26,Fabre,Nathan,21
27,Robin,Rose,99
28,Martin,Théo,77
29,Michel,Lola,68
30,Guerin,Noé,84
31,Caron,Julia,80
32,Marchand,Evan,53
33,Rivet,Camille,85
34,Barbier,Matheo,72
35,Petit,Juliette,37
36,Gomez,Enzo,94
37,Philippe,Alice,76
38,Thomas,Axel,78
39,Paris,Manon,95
40,Francois,Louis,51
41,Marie,Mélissa,71
42,Denis,Raphaël,91
43,Blanc,Elise,96
44,Gautier,Alexandre,93
45,Lefort,Lina,39
46,Durand,Mael,12
47,Lemoine,Léna,46
48,Fernandez,Tom,20
49,Rolland,Agathe,59
50,Pierre,Émilie,69
51,Carre,Tristan,60
52,Bernard,Maëlys,33
53,Chevalier,Thomas,40
54,Arnaud,Clémence,79
55,Baron,Alexis,19
56,Lucas,Louise,28
57,Bonnet,Victor,4
58,Morin,Mathilde,55
59,Dufour,Eva,8
60,Roux,Antoine,50
61,Gomez,Manon,35
62,Rey,Evan,16
63,Philippe,Julia,83
64,Giraud,Léa,74
65,Bernard,Maxime,11
66,Legrand,Clara,31
67,Guillaume,Arthur,88
68,Ferreira,Chloé,10
69,Hubert,Noah,1
70,Duval,Inès,47
71,Michel,Gabriel,26
72,Fleury,Rose,66
73,Guillaume,Théo,18
74,Martin,Lola,89
75,Lebrun,Noé,24
76,Fournier,Julia,98
77,Julien,Evan,56
78,Louis,Axel,23
79,Andre,Manon,61
80,Gomez,Louis,82
81,Rey,Mélissa,25
82,Garnier,Raphaël,32
83,Paris,Elise,70
84,Lefebvre,Alexandre,14
85,Petit,Lina,64
86,Durand,Mael,38
87,Leclerc,Léna,90
88,Lefevre,Tom,48
89,Francois,Agathe,3
90,Marie,Émilie,9
91,Dupuis,Tristan,86
92,Leroy,Maëlys,22
93,Blanchard,Thomas,52
94,Gautier,Clémence,58
95,Barbier,Alexis,49
96,Lemoine,Louise,15
97,Philippe,Victor,87
98,Thomas,Mathilde,43
99,Dufour,Eva,7
100,Roux,Antoine,100
